[{"constant":true,"inputs":[],"name":"name","outputs":[{"name":"","type":"string"}],"payable":false,"stateMutability":"view","type":"function","signature":"0x06fdde03"},{"constant":true,"inputs":[],"name":"totalSupply","outputs":[{"name":"","type":"uint256"}],"payable":false,"stateMutability":"view","type":"function","signature":"0x18160ddd"},{"constant":true,"inputs":[],"name":"decimals","outputs":[{"name":"","type":"uint8"}],"payable":false,"stateMutability":"view","type":"function","signature":"0x313ce567"},{"constant":true,"inputs":[{"name":"_owner","type":"address"}],"name":"balanceOf","outputs":[{"name":"balance","type":"uint256"}],"payable":false,"stateMutability":"view","type":"function","signature":"0x70a08231"},{"constant":true,"inputs":[],"name":"owner","outputs":[{"name":"","type":"address"}],"payable":false,"stateMutability":"view","type":"function","signature":"0x8da5cb5b"},{"constant":true,"inputs":[],"name":"symbol","outputs":[{"name":"","type":"string"}],"payable":false,"stateMutability":"view","type":"function","signature":"0x95d89b41"},{"constant":false,"inputs":[{"name":"_to","type":"address"},{"name":"_value","type":"uint256"}],"name":"transfer","outputs":[{"name":"success","type":"bool"}],"payable":false,"stateMutability":"nonpayable","type":"function","signature":"0xa9059cbb"},{"constant":false,"inputs":[{"name":"_to","type":"address"},{"name":"_value","type":"uint256"},{"name":"_data","type":"bytes"}],"name":"transfer","outputs":[{"name":"success","type":"bool"}],"payable":false,"stateMutability":"nonpayable","type":"function","signature":"0xbe45fd62"},{"inputs":[{"name":"name","type":"string"},{"name":"symbol","type":"string"},{"name":"decimals","type":"uint8"},{"name":"totalSupply","type":"uint256"}],"payable":false,"stateMutability":"nonpayable","type":"constructor","signature":"constructor"},{"anonymous":false,"inputs":[{"indexed":true,"name":"from","type":"address"},{"indexed":true,"name":"to","type":"address"},{"indexed":false,"name":"value","type":"uint256"}],"name":"Transfer","type":"event","signature":"0xddf252ad1be2c89b69c2b068fc378daa952ba7f163c4a11628f55a4df523b3ef"},{"anonymous":false,"inputs":[{"indexed":true,"name":"from","type":"address"},{"indexed":true,"name":"to","type":"address"},{"indexed":false,"name":"value","type":"uint256"},{"indexed":true,"name":"data","type":"bytes"}],"name":"Transfer","type":"event","signature":"0xe19260aff97b920c7df27010903aeb9c8d2be5d310a2c67824cf3f15396e4c16"}]